{
  "kraken": {
    "writes": [
      1780577640.7482793
    ],
    "param_writes": {
      "pair_status:NEAR/USD": [
        1777033140.3358505,
        1777033320.2653909,
        1777037963.2329345,
        1777083415.6519547,
        1778179800.3001058,
        1778187099.570587,
        1778194400.3288503,
        1778201700.783125,
        1778209000.9853523,
        1778216299.8295875,
        1778223600.2011914,
        1778446174.4807265,
        1778453477.5966523,
        1778584729.5683212,
        1778592036.8851602,
        1778599344.6802897,
        1778606652.5017314,
        1778613960.392923,
        1778621269.211194,
        1778628578.0692961,
        1778635890.3074377,
        1778643200.5742843,
        1778650270.080698,
        1778650332.9969893,
        1778657642.4201665,
        1778664953.1081913,
        1778672262.2588196,
        1778679572.2159448,
        1778686882.780481,
        1778694193.0794299,
        1778701503.2603817,
        1778708813.5406878,
        1778716124.7278671,
        1778723438.322923,
        1778725481.8699315,
        1778732793.9139178,
        1778740107.4718974,
        1778747419.6128042,
        1778754731.8687959,
        1778762044.1736257,
        1778769357.174038,
        1778776670.0728257
      ],
      "TARGET_DEPLOY_PCT": [],
      "MIN_SCORE_TO_TRADE": [],
      "pair_status:DOGE/USD": [
        1777045231.552882,
        1777097952.0611703
      ],
      "pair_status:XRP/USD": [
        1777052499.4856107,
        1777059768.231898,
        1777090683.722079,
        1778783982.2220829,
        1778827865.802241,
        1778835180.3122337,
        1778842494.6280339,
        1778849809.1833794,
        1778857123.027527,
        1778864438.003856,
        1778871752.8127012,
        1778879066.9277992,
        1778886382.009527,
        1778893697.5827782,
        1778901013.7781956,
        1778908329.6193817,
        1778915645.9939725,
        1778922962.466291,
        1778930278.654725,
        1778937595.0437067,
        1778944911.7579513,
        1778952228.4803512,
        1778959544.8460855,
        1778966862.1020205,
        1778974178.7577047,
        1778981280.7817633,
        1778988599.7048018,
        1778995916.5171258,
        1779003234.1434157,
        1779010551.9371934,
        1779017869.3245814,
        1779024845.3615577,
        1779032164.4486325,
        1779039484.6908705,
        1779046804.1578481,
        1779054123.8139544,
        1779061442.8164985,
        1779068763.821465,
        1779072375.1521394,
        1779079695.9641078,
        1779087016.5101073,
        1779094337.0573559,
        1779101658.192235,
        1779108978.2460725,
        1779116298.993991,
        1779123619.9013083,
        1779130941.4359622,
        1779138262.6534703,
        1779145462.73194,
        1779150830.6516407,
        1779157382.1374745,
        1779164582.6410074,
        1779171904.4921548,
        1779179226.168837,
        1779186547.4203703,
        1779193869.3770657,
        1779201071.3400946,
        1779208271.9802322,
        1779215593.803508,
        1779222794.7967672,
        1779229996.1360662,
        1779237197.5110736,
        1779244400.5399163,
        1779251603.2731452,
        1779258805.556299,
        1779266007.7298038,
        1779273209.7620964,
        1779280411.5860362,
        1779287614.6848023,
        1779294818.7570484,
        1779302021.7192442,
        1779309224.4323099,
        1779316428.2013123,
        1779323631.8698156,
        1779330636.4784598,
        1779337840.8394256,
        1779345044.3764422,
        1779352247.566282,
        1779359451.9353216,
        1779366656.50612,
        1779373860.5474687,
        1779381064.4361587,
        1779388268.0791738,
        1779395473.553022,
        1779402678.9241986,
        1779409885.0205996,
        1779417090.4628727,
        1779424297.0818288,
        1779431502.3716033,
        1779438709.408936,
        1779445915.752487,
        1779453122.607362,
        1779460328.9095902,
        1779467534.846155,
        1779474740.782547,
        1779481946.6732683,
        1779489153.3123722,
        1779496360.628977,
        1779503568.3357399,
        1779510776.850823,
        1779517984.8921,
        1779525193.0905874,
        1779532400.371677,
        1779539608.3014395,
        1779546816.0151262,
        1779554023.4988472,
        1779561232.0614147,
        1779568439.6524775,
        1779575648.1668127,
        1779582856.9733899,
        1779590066.8206089,
        1779597277.2389774,
        1779604486.0671403,
        1779611695.9279616,
        1779618906.3224297,
        1779626117.2291687,
        1779633327.4089775,
        1779640538.6258593,
        1779647748.7755435,
        1779654959.5665696,
        1779662170.5295253,
        1779669382.3653197,
        1779676594.3986244,
        1779683806.0995893,
        1779691018.2109897,
        1779698229.5048819,
        1779705441.859311,
        1779712653.8956606,
        1779719866.494179,
        1779727079.4097543,
        1779734292.6603456,
        1779741504.6077366,
        1779748717.4678946,
        1779755930.744132,
        1779763144.42464,
        1779770359.5751772,
        1779777573.8618724,
        1779784788.6870272,
        1779792002.8487544,
        1779799216.4363842,
        1779806430.3390172,
        1779813645.5272238,
        1779820860.2440908,
        1779828074.8333337,
        1779835290.434033,
        1779842504.6824722,
        1779849720.2218096,
        1779856936.870692,
        1779864154.160744,
        1779871370.6441061,
        1779878586.4033868,
        1779885801.595091,
        1779893017.3504663,
        1779900232.3583326,
        1779907448.2749636,
        1779914663.461438,
        1779921878.9383636,
        1779929095.3496878,
        1779936311.8432426,
        1779943529.002038,
        1779950745.5929363,
        1779957962.6926901,
        1779965179.1742563,
        1779972396.7764993,
        1779979614.0237987,
        1779986832.3958716,
        1779994050.38672,
        1780001268.896251,
        1780008488.0010386,
        1780015706.1244562,
        1780022926.7546148,
        1780030145.8325717,
        1780037365.4073026,
        1780044585.1465151,
        1780051804.8969421,
        1780059025.3289444,
        1780066245.7896898,
        1780073466.0844524,
        1780080686.9218786,
        1780087907.5452795,
        1780095129.8510923,
        1780102351.9121706,
        1780109574.7996986,
        1780116797.596703,
        1780124020.2761843,
        1780131242.974843,
        1780138465.4778192,
        1780145687.7698336,
        1780152911.8920906,
        1780160138.908188,
        1780167363.1329153,
        1780174588.8400168,
        1780181815.1906424,
        1780189039.2674048,
        1780196266.1510632,
        1780203492.0431457,
        1780210718.3092554,
        1780217945.219277,
        1780225171.4408243,
        1780232398.3713615,
        1780239625.3573802,
        1780246850.9837046,
        1780254078.0631423,
        1780261304.8657172,
        1780268549.9851341,
        1780275777.7090697,
        1780283004.344419,
        1780290230.8978822,
        1780297458.0612004,
        1780304685.7389414,
        1780311913.8187172,
        1780319142.4274554,
        1780326370.0793316,
        1780333596.9150498,
        1780340824.226036,
        1780348053.4724822,
        1780355282.5687,
        1780362512.1428516,
        1780369741.960561,
        1780376972.3828242,
        1780384201.9785087,
        1780391431.7969658,
        1780398662.4697149,
        1780405892.8847072,
        1780413123.877126,
        1780420353.7867992,
        1780427583.7557752,
        1780434814.4534588,
        1780442045.073844,
        1780449275.146348,
        1780456507.247068,
        1780463737.524087,
        1780470969.1726313,
        1780478200.9057546,
