{
  "ts": "2026-06-04T11:55:01.768140+00:00",
  "universe_equity": 5956.023018068755,
  "kraken_equity": 3408.611256512005,
  "sfm_equity": 1990.35,
  "alpaca_equity": 557.0617615567496,
  "kraken_dd": -3.799172490901892
}